Model,Type,Version,Graph_Type,MAE,R²,RMSE,MAPE,samples
XGBoost v4: + Socio-Economic,XGBoost,version_4,N/A,0.04786147680139708,0.7836264902392387,0.05888259189882841,10.17143080077533,665
LSTM v3: + Derived Features,LSTM,version_3,N/A,0.018364627964632743,0.9563689760681661,0.02644128615473148,3.6756861482733703,665
STGCN v3 Adj: + Derived Features,STGCN,version_3,adjacency,0.01921920720767279,0.9548296426500273,0.02690367678743052,3.7744915832201373,665
STGCN v4 Dist: + Socio-Economic,STGCN,version_4,distance,0.01762033231654812,0.9619000145012304,0.02470855107641262,3.714669048638154,665
