Model1,Model2,Model1_Name,Model2_Name,MAE_Diff,Relative_Improvement_%,T_test_p,Wilcoxon_p,Significant
XGBoost v4,LSTM v3,XGBoost v4: + Socio-Economic,LSTM v3: + Derived Features,0.029496848836764337,61.62962534391192,3.1535264368141237e-87,7.794159381481096e-79,True
XGBoost v4,STGCN v3-Adj,XGBoost v4: + Socio-Economic,STGCN v3 Adj: + Derived Features,0.02864226959372429,59.844099070691904,4.597342668671237e-71,4.902446027917017e-63,True
XGBoost v4,STGCN v4-Dist,XGBoost v4: + Socio-Economic,STGCN v4 Dist: + Socio-Economic,0.03024114448484896,63.184729151454476,4.573848908123868e-81,5.707036415432984e-72,True
LSTM v3,STGCN v3-Adj,LSTM v3: + Derived Features,STGCN v3 Adj: + Derived Features,-0.0008545792430400476,-4.653398068753839,0.17380226950726163,0.12438587453997854,False
LSTM v3,STGCN v4-Dist,LSTM v3: + Derived Features,STGCN v4 Dist: + Socio-Economic,0.0007442956480846231,4.052876265819347,0.22569945310676415,0.427966931364435,False
STGCN v3-Adj,STGCN v4-Dist,STGCN v3 Adj: + Derived Features,STGCN v4 Dist: + Socio-Economic,0.0015988748911246707,8.319151117150971,9.10052658401118e-05,0.0006658975393521929,True
